GAME_ID,TEAM_ID,TEAM_NAME,SEASON_ID,MATCHUP,WL,AVG_PLAYER_PLAYTIME_PG_PT,AVG_PLAYER_PLAYTIME_PG_PT_S5,AVG_CNT_PLAYER_PLAYTIME_PG_PT,AVG_CNT_PLAYER_PLAYTIME_PG_PT_S5,HOME_TEAM,WIN,BUBBLE
41500111,1610612754,Pacers,42015,IND @ TOR,W,1309.0909090909088,1547.94,411.4285714285711,455.27647058823544,0,1,0
41500111,1610612761,Raptors,42015,TOR vs. IND,L,1440.0,1563.3600000000001,464.5161290322577,521.12,1,0,0
41500112,1610612754,Pacers,42015,IND @ TOR,L,1107.692307692308,1652.44,378.94736842105294,459.01111111111106,0,0,0
41500112,1610612761,Raptors,42015,TOR vs. IND,W,1200.0,1585.26,514.2857142857141,566.1642857142858,1,1,0
41500113,1610612754,Pacers,42015,IND vs. TOR,L,1107.692307692308,1730.0,514.2857142857141,617.857142857143,1,0,0
41500113,1610612761,Raptors,42015,TOR @ IND,W,1309.0909090909088,1856.0,553.8461538461542,618.6666666666666,0,1,0
41500114,1610612754,Pacers,42015,IND vs. TOR,W,1107.692307692308,1876.3600000000001,480.00000000000006,586.3625,1,1,0
41500114,1610612761,Raptors,42015,TOR @ IND,L,1107.692307692308,1721.8400000000001,450.0,573.9466666666667,0,0,0
41500115,1610612754,Pacers,42015,IND @ TOR,L,1440.0,1945.8200000000002,496.5517241379311,540.5055555555556,0,0,0
41500115,1610612761,Raptors,42015,TOR vs. IND,W,1600.0,1811.0,685.7142857142858,696.5384615384617,1,1,0
41500116,1610612754,Pacers,42015,IND vs. TOR,W,1107.692307692308,1999.58,533.3333333333335,666.5266666666666,1,1,0
41500116,1610612761,Raptors,42015,TOR @ IND,L,1309.0909090909088,1896.6599999999999,436.36363636363615,557.8411764705882,0,0,0
41500117,1610612754,Pacers,42015,IND @ TOR,L,1600.0,2158.3,533.3333333333335,634.7941176470588,0,0,0
41500117,1610612761,Raptors,42015,TOR vs. IND,W,1600.0,1981.1200000000001,576.0,619.1000000000001,1,1,0
41500121,1610612748,Heat,42015,MIA vs. CHA,W,1107.692307692308,1739.2,464.5161290322577,483.1111111111112,1,1,0
41500122,1610612748,Heat,42015,MIA vs. CHA,W,1600.0,1916.86,480.0,456.39523809523797,1,1,0
41500123,1610612748,Heat,42015,MIA @ CHA,L,1200.0,1998.3799999999999,436.36363636363615,499.59499999999997,0,0,0
41500124,1610612748,Heat,42015,MIA @ CHA,L,1309.0909090909088,1792.6799999999998,436.36363636363615,471.7578947368421,0,0,0
41500125,1610612748,Heat,42015,MIA vs. CHA,L,1600.0,2032.4599999999998,480.00000000000006,534.8578947368421,1,0,0
41500126,1610612748,Heat,42015,MIA @ CHA,W,1440.0000000000002,2037.4,400.00000000000006,442.9130434782608,0,1,0
41500127,1610612748,Heat,42015,MIA vs. CHA,W,1309.0909090909088,1739.6,600.0,724.8333333333331,1,1,0
41500131,1610612738,Celtics,42015,BOS @ ATL,L,1440.0,1739.6799999999998,351.21951219512215,334.5538461538462,0,0,0
41500132,1610612738,Celtics,42015,BOS @ ATL,L,1107.692307692308,1556.58,411.4285714285711,457.8176470588234,0,0,0
41500133,1610612738,Celtics,42015,BOS vs. ATL,W,1600.0,2062.88,464.5161290322577,491.16190476190474,1,1,0
41500134,1610612738,Celtics,42015,BOS vs. ATL,W,1766.6666666666665,2257.2400000000002,454.2857142857141,490.7043478260871,1,1,0
41500135,1610612738,Celtics,42015,BOS @ ATL,L,1107.692307692308,1501.8799999999999,423.52941176470614,441.7294117647059,0,0,0
41500136,1610612738,Celtics,42015,BOS vs. ATL,L,1200.0,1907.7,306.3829787234044,397.4375,1,0,0
41500141,1610612745,Rockets,42015,HOU @ GSW,L,1200.0,1762.92,450.0,463.9263157894737,0,0,0
41500142,1610612745,Rockets,42015,HOU @ GSW,L,1309.0909090909088,1961.5400000000002,389.1891891891895,490.3850000000001,0,0,0
41500143,1610612745,Rockets,42015,HOU vs. GSW,W,1440.0,2197.16,436.36363636363615,549.2900000000002,1,1,0
41500144,1610612745,Rockets,42015,HOU vs. GSW,L,1309.0909090909088,1835.1,450.0,611.7,1,0,0
41500145,1610612745,Rockets,42015,HOU @ GSW,L,1107.692307692308,1809.86,600.0,754.1083333333335,0,0,0
41500161,1610612742,Mavericks,42015,DAL @ OKC,L,1200.0,1297.42,411.4285714285711,405.4437500000001,0,0,0
41500161,1610612760,Thunder,42015,OKC vs. DAL,W,1107.692307692308,1513.3600000000001,436.3636363636362,582.0615384615385,1,1,0
41500162,1610612742,Mavericks,42015,DAL @ OKC,W,1600.0,1937.8400000000001,436.36363636363615,569.9529411764706,0,1,0
41500162,1610612760,Thunder,42015,OKC vs. DAL,L,1309.0909090909088,1946.3,450.0,572.4411764705883,1,0,0
41500163,1610612742,Mavericks,42015,DAL vs. OKC,L,1200.0,1823.9,342.857142857143,455.9750000000002,1,0,0
41500163,1610612760,Thunder,42015,OKC @ DAL,W,1199.9999999999998,1857.0,378.94736842105294,442.14285714285705,0,1,0
41500164,1610612742,Mavericks,42015,DAL vs. OKC,L,1309.0909090909088,1627.92,400.0,478.8000000000001,1,0,0
41500164,1610612760,Thunder,42015,OKC @ DAL,W,1440.0,1993.7,436.36363636363615,498.4249999999999,0,1,0
41500165,1610612742,Mavericks,42015,DAL @ OKC,L,1600.0,1879.6199999999997,369.2307692307694,361.4653846153845,0,0,0
41500165,1610612760,Thunder,42015,OKC vs. DAL,W,1309.0909090909095,2137.4800000000005,423.52941176470614,593.7444444444445,1,1,0
41500171,1610612746,Clippers,42015,LAC vs. POR,W,1200.0,1706.7400000000002,411.4285714285711,533.3562499999999,1,1,0
41500171,1610612757,Trail Blazers,42015,POR @ LAC,L,1107.692307692308,1690.7599999999998,400.0,469.65555555555534,0,0,0
41500172,1610612746,Clippers,42015,LAC vs. POR,W,1309.0909090909088,1729.58,389.18918918918956,480.438888888889,1,1,0
41500172,1610612757,Trail Blazers,42015,POR @ LAC,L,1107.692307692308,2122.6800000000003,369.2307692307694,505.3999999999998,0,0,0
41500173,1610612746,Clippers,42015,LAC @ POR,L,1309.0909090909088,1724.22,464.5161290322577,538.8187500000001,0,0,0
41500173,1610612757,Trail Blazers,42015,POR vs. LAC,W,1600.0,2142.64,480.00000000000006,563.8526315789475,1,1,0
41500174,1610612746,Clippers,42015,LAC @ POR,L,1107.692307692308,1507.2000000000003,334.8837209302327,376.8000000000001,0,0,0
41500174,1610612757,Trail Blazers,42015,POR vs. LAC,W,1107.692307692308,1971.1200000000001,389.18918918918956,469.3142857142859,1,1,0
41500175,1610612746,Clippers,42015,LAC vs. POR,L,1309.0909090909088,1880.2,436.36363636363615,553.0,1,0,0
41500175,1610612757,Trail Blazers,42015,POR @ LAC,W,1200.0,2028.8800000000003,480.0,533.9157894736843,0,1,0
41500176,1610612746,Clippers,42015,LAC @ POR,L,1309.0909090909088,1705.52,327.2727272727274,304.5571428571429,0,0,0
41500176,1610612757,Trail Blazers,42015,POR vs. LAC,W,1600.0,2049.8599999999997,450.0,465.87727272727284,1,1,0
41500211,1610612748,Heat,42015,MIA @ TOR,W,1590.0,2381.2599999999998,331.25000000000006,410.5620689655171,0,1,0
41500211,1610612761,Raptors,42015,TOR vs. MIA,L,1766.6666666666663,2216.48,387.80487804878055,481.8434782608694,1,0,0
41500212,1610612748,Heat,42015,MIA @ TOR,L,1590.0,2337.1600000000003,369.7674418604652,467.43200000000013,0,0,0
41500212,1610612761,Raptors,42015,TOR vs. MIA,W,1590.0,2100.4,418.42105263157873,477.3636363636362,1,1,0
41500213,1610612748,Heat,42015,MIA vs. TOR,L,1440.0,1797.8200000000002,450.0,499.3944444444444,1,0,0
41500213,1610612761,Raptors,42015,TOR @ MIA,W,1440.0,2117.82,533.3333333333335,661.8187500000001,0,1,0
41500214,1610612748,Heat,42015,MIA vs. TOR,W,1590.0,2131.08,530.0,626.7882352941177,1,1,0
41500214,1610612761,Raptors,42015,TOR @ MIA,L,1766.6666666666665,2108.12,481.8181818181819,527.03,0,0,0
41500215,1610612748,Heat,42015,MIA @ TOR,L,1309.0909090909088,1605.44,423.52941176470614,501.6999999999999,0,0,0
41500215,1610612761,Raptors,42015,TOR vs. MIA,W,1600.0,2156.32,514.2857142857139,634.2117647058823,1,1,0
41500216,1610612748,Heat,42015,MIA vs. TOR,W,1800.0,2076.42,479.99999999999994,494.38571428571424,1,1,0
41500216,1610612761,Raptors,42015,TOR @ MIA,L,1309.0909090909088,2050.46,464.5161290322577,569.5722222222223,0,0,0
41500217,1610612748,Heat,42015,MIA @ TOR,L,1309.0909090909088,2034.06,400.0,508.515,0,0,0
41500217,1610612761,Raptors,42015,TOR vs. MIA,W,1200.0,2259.04,496.5517241379311,705.9500000000002,1,1,0
41500221,1610612757,Trail Blazers,42015,POR @ GSW,L,1200.0000000000002,1925.5400000000002,496.5517241379311,601.73125,0,0,0
41500222,1610612757,Trail Blazers,42015,POR @ GSW,L,1600.0,2072.2,576.0,647.5625,0,0,0
41500223,1610612757,Trail Blazers,42015,POR vs. GSW,W,1200.0000000000002,1788.7,436.36363636363615,596.2333333333335,1,1,0
41500224,1610612757,Trail Blazers,42015,POR vs. GSW,L,1766.6666666666665,2233.4800000000005,481.8181818181819,587.7578947368421,1,0,0
41500225,1610612757,Trail Blazers,42015,POR @ GSW,L,1600.0,1924.3,423.52941176470614,458.1666666666667,0,0,0
41500231,1610612760,Thunder,42015,OKC @ SAS,L,1107.692307692308,1641.0,553.8461538461542,820.5,0,0,0
41500232,1610612760,Thunder,42015,OKC @ SAS,W,1600.0,2089.32,514.2857142857141,614.5058823529414,0,1,0
41500233,1610612760,Thunder,42015,OKC vs. SAS,L,1600.0,2214.7200000000003,423.5294117647062,481.4608695652174,1,0,0
41500234,1610612760,Thunder,42015,OKC vs. SAS,W,1440.0,1984.58,576.0,708.7785714285711,1,1,0
41500235,1610612760,Thunder,42015,OKC @ SAS,W,1440.0,2022.06,496.5517241379311,532.1210526315789,0,1,0
41500236,1610612760,Thunder,42015,OKC vs. SAS,W,1440.0,2266.16,464.5161290322577,629.4888888888889,1,1,0
41500301,1610612761,Raptors,42015,TOR @ CLE,L,1107.692307692308,1733.02,496.5517241379311,618.9357142857143,0,0,0
41500302,1610612761,Raptors,42015,TOR @ CLE,L,1107.692307692308,1606.6,389.1891891891895,401.64999999999986,0,0,0
41500303,1610612761,Raptors,42015,TOR vs. CLE,W,1600.0,1872.0,626.0869565217395,668.5714285714286,1,1,0
41500304,1610612761,Raptors,42015,TOR vs. CLE,W,1599.9999999999998,2116.3599999999997,575.9999999999999,705.453333333333,1,1,0
41500305,1610612761,Raptors,42015,TOR @ CLE,L,1107.692307692308,1473.78,533.3333333333335,614.0749999999999,0,0,0
41500306,1610612761,Raptors,42015,TOR vs. CLE,L,1107.692307692308,1733.8,576.0,866.8999999999999,1,0,0
41500311,1610612760,Thunder,42015,OKC @ GSW,W,1800.0,2141.4,496.5517241379311,563.5263157894735,0,1,0
41500312,1610612760,Thunder,42015,OKC @ GSW,L,1200.0,1773.4599999999998,480.0,554.2062500000001,0,0,0
41500313,1610612760,Thunder,42015,OKC vs. GSW,W,1309.0909090909088,1730.2599999999998,496.5517241379311,540.7062500000001,1,1,0
41500314,1610612760,Thunder,42015,OKC vs. GSW,W,1200.0,2148.2799999999997,464.5161290322577,596.7444444444444,1,1,0
41500315,1610612760,Thunder,42015,OKC @ GSW,L,1440.0,2289.0,450.0,602.3684210526316,0,0,0
41500316,1610612760,Thunder,42015,OKC vs. GSW,L,1600.0000000000002,2179.36,360.0,435.8719999999999,1,0,0
41500317,1610612760,Thunder,42015,OKC @ GSW,L,1799.9999999999998,2387.16,626.0869565217395,702.1058823529413,0,0,0
41600101,1610612738,Celtics,42016,BOS vs. CHI,L,1309.0909090909088,1953.6,399.99999999999994,444.0,1,0,0
41600102,1610612738,Celtics,42016,BOS vs. CHI,L,1309.0909090909088,1887.8,480.0,589.9375,1,0,0
41600103,1610612738,Celtics,42016,BOS @ CHI,W,1200.0,1851.3200000000002,480.0,617.1066666666667,0,1,0
41600104,1610612738,Celtics,42016,BOS @ CHI,W,1440.0,2029.42,450.0,534.0578947368421,0,1,0
41600105,1610612738,Celtics,42016,BOS vs. CHI,W,1600.0,1891.3400000000001,480.0,556.2764705882354,1,1,0
41600106,1610612738,Celtics,42016,BOS @ CHI,W,1200.0,1660.8,576.0,692.0,0,1,0
41600111,1610612754,Pacers,42016,IND @ CLE,L,1440.0,2045.0,450.0,511.25,0,0,0
41600112,1610612754,Pacers,42016,IND @ CLE,L,1440.0,2059.6,450.0,572.1111111111112,0,0,0
41600113,1610612754,Pacers,42016,IND vs. CLE,L,1600.0,2066.02,436.36363636363615,491.9095238095238,1,0,0
41600114,1610612754,Pacers,42016,IND vs. CLE,L,1439.9999999999998,2100.7599999999998,496.5517241379311,552.8315789473684,1,0,0
41600121,1610612749,Bucks,42016,MIL @ TOR,W,1200.0,1833.6,514.2857142857141,611.2,0,1,0
41600121,1610612761,Raptors,42016,TOR vs. MIL,L,1107.692307692308,1864.6,450.0,517.9444444444446,1,0,0
41600122,1610612749,Bucks,42016,MIL @ TOR,L,1440.0,2059.98,553.8461538461542,643.7437499999999,0,0,0
41600122,1610612761,Raptors,42016,TOR vs. MIL,W,1440.0,1823.78,533.3333333333335,569.9312499999999,1,1,0
41600123,1610612749,Bucks,42016,MIL vs. TOR,W,1309.0909090909088,1690.6,533.3333333333335,563.5333333333331,1,1,0
41600123,1610612761,Raptors,42016,TOR @ MIL,L,1107.692307692308,1509.0,576.0,628.75,0,0,0
41600124,1610612749,Bucks,42016,MIL vs. TOR,L,1600.0,2013.8,626.0869565217395,671.2666666666665,1,0,0
41600124,1610612761,Raptors,42016,TOR @ MIL,W,1440.0,1947.2,514.2857142857141,608.5,0,1,0
41600125,1610612749,Bucks,42016,MIL @ TOR,L,1200.0,2027.4,576.0,724.0714285714287,0,0,0
41600125,1610612761,Raptors,42016,TOR vs. MIL,W,1107.692307692308,1808.2,480.0,531.8235294117648,1,1,0
41600126,1610612749,Bucks,42016,MIL vs. TOR,L,1600.0,1874.78,654.5454545454542,721.0692307692309,1,0,0
41600126,1610612761,Raptors,42016,TOR @ MIL,W,1440.0,1916.72,464.5161290322577,638.9066666666665,0,1,0
41600141,1610612757,Trail Blazers,42016,POR @ GSW,L,1440.0,2088.2400000000002,369.2307692307694,497.20000000000005,0,0,0
41600142,1610612757,Trail Blazers,42016,POR @ GSW,L,1200.0,1618.36,436.36363636363615,475.9882352941176,0,0,0
41600143,1610612757,Trail Blazers,42016,POR vs. GSW,L,1600.0,1869.7400000000002,480.0,584.2937499999999,1,0,0
41600144,1610612757,Trail Blazers,42016,POR vs. GSW,L,1200.0,1425.6799999999998,600.0,648.0363636363636,1,0,0
41600161,1610612745,Rockets,42016,HOU vs. OKC,W,1309.0909090909088,1861.6,496.5517241379311,547.5294117647061,1,1,0
41600161,1610612760,Thunder,42016,OKC @ HOU,L,1200.0,1801.4,496.5517241379311,600.4666666666669,0,0,0
41600162,1610612745,Rockets,42016,HOU vs. OKC,W,1800.0,1959.8200000000002,514.2857142857141,515.7421052631579,1,1,0
41600162,1610612760,Thunder,42016,OKC @ HOU,L,1200.0,2020.42,342.857142857143,420.9208333333335,0,0,0
41600163,1610612745,Rockets,42016,HOU @ OKC,L,1800.0,1904.9,496.5517241379311,501.2894736842105,0,0,0
41600163,1610612760,Thunder,42016,OKC vs. HOU,W,1440.0,2003.94,389.1891891891895,477.1285714285715,1,1,0
41600164,1610612745,Rockets,42016,HOU @ OKC,W,1800.0,1760.6,533.3333333333335,489.05555555555554,0,1,0
41600164,1610612760,Thunder,42016,OKC vs. HOU,L,1440.0,2090.48,436.36363636363615,614.8470588235293,1,0,0
41600165,1610612745,Rockets,42016,HOU vs. OKC,W,1800.0,1748.7,464.5161290322577,416.35714285714295,1,1,0
41600165,1610612760,Thunder,42016,OKC @ HOU,L,1440.0,2116.52,411.4285714285711,460.11304347826086,0,0,0
41600171,1610612746,Clippers,42016,LAC vs. UTA,L,1600.0,2153.94,514.2857142857141,598.316666666667,1,0,0
41600171,1610612762,Jazz,42016,UTA @ LAC,W,1440.0,1601.34,423.52941176470614,444.81666666666666,0,1,0
41600172,1610612746,Clippers,42016,LAC vs. UTA,W,1600.0,2119.16,423.52941176470614,529.7900000000002,1,1,0
41600172,1610612762,Jazz,42016,UTA @ LAC,L,1600.0,2004.52,450.0,527.5052631578948,0,0,0
41600173,1610612746,Clippers,42016,LAC @ UTA,W,1440.0,1878.3,411.4285714285711,494.2894736842105,0,1,0
41600173,1610612762,Jazz,42016,UTA vs. LAC,L,1600.0,2090.5,400.0,435.5208333333334,1,0,0
41600174,1610612746,Clippers,42016,LAC @ UTA,L,1600.0,2052.92,464.516129032258,540.242105263158,0,0,0
41600174,1610612762,Jazz,42016,UTA vs. LAC,W,1309.0909090909095,1465.1799999999998,378.94736842105294,430.9352941176469,1,1,0
41600175,1610612746,Clippers,42016,LAC vs. UTA,L,1309.0909090909088,1940.1599999999999,369.2307692307694,461.9428571428573,1,0,0
41600175,1610612762,Jazz,42016,UTA @ LAC,W,1440.0,1869.48,360.0,406.40869565217406,0,1,0
41600176,1610612746,Clippers,42016,LAC @ UTA,W,1600.0000000000002,1920.1799999999998,400.0,436.4045454545454,0,1,0
41600176,1610612762,Jazz,42016,UTA vs. LAC,L,1600.0,1844.48,411.4285714285711,461.12000000000006,1,0,0
41600177,1610612746,Clippers,42016,LAC vs. UTA,L,1600.0,1850.5199999999998,400.0,440.6000000000002,1,0,0
41600177,1610612762,Jazz,42016,UTA @ LAC,W,1200.0,1730.4800000000002,359.99999999999994,412.0190476190475,0,1,0
41600201,1610612738,Celtics,42016,BOS vs. WAS,W,1200.0000000000002,1860.3399999999997,378.94736842105294,489.56315789473666,1,1,0
41600202,1610612738,Celtics,42016,BOS vs. WAS,W,1766.6666666666665,2013.08,353.3333333333336,437.6260869565215,1,1,0
41600203,1610612738,Celtics,42016,BOS @ WAS,L,1107.692307692308,1636.2,480.0,629.3076923076923,0,0,0
41600204,1610612738,Celtics,42016,BOS @ WAS,L,1107.692307692308,1673.0,464.5161290322577,522.8125,0,0,0
41600205,1610612738,Celtics,42016,BOS vs. WAS,W,1200.0,1650.8400000000001,449.99999999999994,550.28,1,1,0
41600206,1610612738,Celtics,42016,BOS @ WAS,L,1600.0,2032.8200000000002,342.857142857143,423.50416666666683,0,0,0
41600207,1610612738,Celtics,42016,BOS vs. WAS,W,1440.0,1894.6,342.85714285714306,394.7083333333333,1,1,0
41600211,1610612761,Raptors,42016,TOR @ CLE,L,1107.692307692308,1717.0,464.5161290322577,572.3333333333333,0,0,0
41600212,1610612761,Raptors,42016,TOR @ CLE,L,1107.692307692308,1568.94,464.5161290322577,522.9799999999998,0,0,0
41600213,1610612761,Raptors,42016,TOR vs. CLE,L,1440.0,2139.8,514.2857142857141,629.3529411764705,1,0,0
41600214,1610612761,Raptors,42016,TOR vs. CLE,L,1600.0,2305.44,553.8461538461542,720.4500000000002,1,0,0
41600221,1610612762,Jazz,42016,UTA @ GSW,L,1107.692307692308,1662.8,389.1891891891895,461.8888888888888,0,0,0
41600222,1610612762,Jazz,42016,UTA @ GSW,L,1440.0,1905.8,411.4285714285711,476.45,0,0,0
41600223,1610612762,Jazz,42016,UTA vs. GSW,L,1440.0,2073.52,436.36363636363615,518.3799999999999,1,0,0
41600224,1610612762,Jazz,42016,UTA vs. GSW,L,1200.0,1638.52,378.94736842105294,431.18947368421055,1,0,0
41600231,1610612745,Rockets,42016,HOU @ SAS,W,1107.692307692308,1764.4,533.3333333333335,588.1333333333333,0,1,0
41600232,1610612745,Rockets,42016,HOU @ SAS,L,1107.692307692308,1874.2,436.36363636363615,468.55,0,0,0
41600233,1610612745,Rockets,42016,HOU vs. SAS,L,1800.0,2159.8,576.0,599.9444444444447,1,0,0
41600234,1610612745,Rockets,42016,HOU vs. SAS,W,1107.692307692308,1819.2,496.5517241379311,505.33333333333326,1,1,0
41600235,1610612745,Rockets,42016,HOU @ SAS,L,2271.428571428572,2437.7400000000002,512.9032258064512,554.0318181818183,0,0,0
41600236,1610612745,Rockets,42016,HOU vs. SAS,L,1200.0,2057.4,450.0,571.5,1,0,0
41600301,1610612738,Celtics,42016,BOS vs. CLE,L,1200.0,1852.3400000000001,464.5161290322577,617.4466666666667,1,0,0
41600302,1610612738,Celtics,42016,BOS vs. CLE,L,1107.692307692308,1363.0,514.2857142857141,486.7857142857144,1,0,0
41600303,1610612738,Celtics,42016,BOS @ CLE,W,1309.0909090909088,2022.8799999999999,436.36363636363615,594.964705882353,0,1,0
41600304,1610612738,Celtics,42016,BOS @ CLE,L,1600.0,2177.6,423.52941176470614,494.90909090909076,0,0,0
41600305,1610612738,Celtics,42016,BOS vs. CLE,L,1107.692307692308,1574.4,464.5161290322577,492.0,1,0,0
41700101,1610612761,Raptors,42017,TOR vs. WAS,W,1309.0909090909088,1811.0,576.0,696.5384615384617,1,1,0
41700102,1610612761,Raptors,42017,TOR vs. WAS,W,1107.692307692308,1753.2,464.5161290322577,626.142857142857,1,1,0
41700103,1610612761,Raptors,42017,TOR @ WAS,L,1200.0,1777.6,533.3333333333335,683.6923076923078,0,0,0
41700104,1610612761,Raptors,42017,TOR @ WAS,L,1600.0,1785.8799999999999,450.0,558.0874999999999,0,0,0
41700105,1610612761,Raptors,42017,TOR vs. WAS,W,1439.9999999999998,1842.48,479.99999999999994,614.16,1,1,0
41700106,1610612761,Raptors,42017,TOR @ WAS,W,1440.0,1664.2,576.0,594.357142857143,0,1,0
41700111,1610612738,Celtics,42017,BOS vs. MIL,W,1766.6666666666665,2266.92,441.6666666666664,666.7411764705884,1,1,0
41700111,1610612749,Bucks,42017,MIL @ BOS,L,1590.0,2343.52,378.5714285714289,488.2333333333334,0,0,0
41700112,1610612738,Celtics,42017,BOS vs. MIL,W,1309.0909090909088,1920.64,360.0,417.5304347826088,1,1,0
41700112,1610612749,Bucks,42017,MIL @ BOS,L,1107.692307692308,2083.2,378.94736842105294,520.8,0,0,0
41700113,1610612738,Celtics,42017,BOS @ MIL,L,1309.0909090909088,1704.98,496.5517241379311,568.3266666666667,0,0,0
41700113,1610612749,Bucks,42017,MIL vs. BOS,W,1200.0,1616.42,450.0,449.00555555555553,1,1,0
41700114,1610612738,Celtics,42017,BOS @ MIL,L,1439.9999999999998,2029.1,411.4285714285711,533.9736842105265,0,0,0
41700114,1610612749,Bucks,42017,MIL vs. BOS,W,1600.0,1791.4,496.5517241379311,559.8125,1,1,0
41700115,1610612738,Celtics,42017,BOS vs. MIL,W,1600.0000000000002,1972.1600000000003,450.00000000000006,518.9894736842106,1,1,0
41700115,1610612749,Bucks,42017,MIL @ BOS,L,1440.0,1751.0,496.5517241379311,625.357142857143,0,0,0
41700116,1610612738,Celtics,42017,BOS @ MIL,L,1200.0000000000002,1981.0,351.21951219512215,450.2272727272728,0,0,0
41700116,1610612749,Bucks,42017,MIL vs. BOS,W,1600.0,1973.5800000000004,423.52941176470614,493.39499999999987,1,1,0
41700117,1610612738,Celtics,42017,BOS vs. MIL,W,1309.0909090909088,1840.8,389.1891891891895,484.421052631579,1,1,0
41700117,1610612749,Bucks,42017,MIL @ BOS,L,1309.0909090909088,2069.54,449.99999999999994,608.6882352941176,0,0,0
41700121,1610612748,Heat,42017,MIA @ PHI,L,1200.0,1366.8,389.1891891891895,402.0,0,0,0
41700121,1610612755,76ers,42017,PHI vs. MIA,W,1200.0,1734.0,320.0,346.80000000000007,1,1,0
41700122,1610612748,Heat,42017,MIA @ PHI,W,1309.0909090909088,1493.4,389.1891891891895,414.83333333333326,0,1,0
41700122,1610612755,76ers,42017,PHI vs. MIA,L,1440.0,2095.0,411.4285714285711,498.8095238095236,1,0,0
41700123,1610612748,Heat,42017,MIA vs. PHI,L,1200.0,1389.4599999999998,360.0,385.961111111111,1,0,0
41700123,1610612755,76ers,42017,PHI @ MIA,W,1309.0909090909088,1852.4,378.94736842105294,402.6956521739131,0,1,0
41700124,1610612748,Heat,42017,MIA vs. PHI,L,1440.0,1766.78,369.2307692307694,490.7722222222221,1,0,0
41700124,1610612755,76ers,42017,PHI @ MIA,W,1440.0000000000002,1926.2400000000002,369.2307692307694,437.7818181818183,0,1,0
41700125,1610612748,Heat,42017,MIA @ PHI,L,1309.0909090909088,1236.6,400.0,363.70588235294116,0,0,0
41700125,1610612755,76ers,42017,PHI vs. MIA,W,1440.0,1834.6,400.0,398.8260869565219,1,1,0
41700131,1610612754,Pacers,42017,IND @ CLE,W,1600.0,2054.5,496.5517241379311,604.264705882353,0,1,0
41700132,1610612754,Pacers,42017,IND @ CLE,L,1440.0,1964.2400000000002,480.0,545.6222222222223,0,0,0
41700133,1610612754,Pacers,42017,IND vs. CLE,W,1600.0,2018.2199999999998,436.36363636363615,458.6863636363634,1,1,0
41700134,1610612754,Pacers,42017,IND vs. CLE,L,1600.0,2022.9600000000003,436.36363636363615,481.657142857143,1,0,0
41700135,1610612754,Pacers,42017,IND @ CLE,L,1600.0,1755.0,514.2857142857141,461.8421052631582,0,0,0
41700136,1610612754,Pacers,42017,IND vs. CLE,W,1200.0,1752.0400000000002,553.8461538461542,625.7285714285716,1,1,0
41700137,1610612754,Pacers,42017,IND @ CLE,L,1600.0,2178.9199999999996,450.0,544.7299999999998,0,0,0
41700141,1610612745,Rockets,42017,HOU vs. MIN,W,1600.0,2073.2,576.0,609.764705882353,1,1,0
41700142,1610612745,Rockets,42017,HOU vs. MIN,W,1200.0,1764.0,450.0,490.0,1,1,0
41700143,1610612745,Rockets,42017,HOU @ MIN,L,1200.0,1798.8,378.94736842105294,428.28571428571445,0,0,0
41700144,1610612745,Rockets,42017,HOU @ MIN,W,1200.0,1877.8,400.0,469.45,0,1,0
41700145,1610612745,Rockets,42017,HOU vs. MIN,W,1200.0,2120.44,450.0,558.0105263157894,1,1,0
41700161,1610612757,Trail Blazers,42017,POR vs. NOP,L,1309.0909090909088,1970.44,553.8461538461542,656.8133333333334,1,0,0
41700162,1610612757,Trail Blazers,42017,POR vs. NOP,L,1439.9999999999998,1814.86,514.2857142857139,604.9533333333331,1,0,0
41700163,1610612757,Trail Blazers,42017,POR @ NOP,L,1107.692307692308,1745.6599999999999,533.3333333333335,623.4499999999999,0,0,0
41700164,1610612757,Trail Blazers,42017,POR @ NOP,L,1599.9999999999998,2330.38,436.36363636363615,685.4058823529411,0,0,0
41700171,1610612760,Thunder,42017,OKC vs. UTA,W,1440.0,2187.12,496.5517241379311,607.5333333333331,1,1,0
41700171,1610612762,Jazz,42017,UTA @ OKC,L,1200.0,1958.36,411.4285714285711,489.59000000000003,0,0,0
41700172,1610612760,Thunder,42017,OKC vs. UTA,L,1600.0000000000002,2029.5800000000004,514.2857142857141,596.9352941176473,1,0,0
41700172,1610612762,Jazz,42017,UTA @ OKC,W,1600.0,2187.38,480.0,575.6263157894737,0,1,0
41700173,1610612760,Thunder,42017,OKC @ UTA,L,1200.0,1962.0,400.0,545.0,0,0,0
41700173,1610612762,Jazz,42017,UTA vs. OKC,W,1107.692307692308,2146.66,436.36363636363615,596.2944444444443,1,1,0
41700174,1610612760,Thunder,42017,OKC @ UTA,L,1200.0,2035.2400000000002,496.5517241379311,678.4133333333336,0,0,0
41700174,1610612762,Jazz,42017,UTA vs. OKC,W,1200.0,2049.0,389.1891891891895,539.2105263157895,1,1,0
41700175,1610612760,Thunder,42017,OKC vs. UTA,W,1440.0,2135.56,533.3333333333335,667.3625,1,1,0
41700175,1610612762,Jazz,42017,UTA @ OKC,L,1440.0000000000002,2057.82,411.4285714285711,489.95714285714286,0,0,0
41700176,1610612760,Thunder,42017,OKC @ UTA,L,1440.0,2033.2400000000002,450.0,564.7888888888889,0,0,0
41700176,1610612762,Jazz,42017,UTA vs. OKC,W,1440.0,2003.72,450.0,626.1625000000001,1,1,0
41700201,1610612761,Raptors,42017,TOR vs. CLE,L,1590.0,2080.5,418.42105263157873,520.125,1,0,0
41700202,1610612761,Raptors,42017,TOR vs. CLE,L,1107.692307692308,1572.86,400.0,491.5187500000001,1,0,0
41700203,1610612761,Raptors,42017,TOR @ CLE,L,1600.0,1856.4800000000002,533.3333333333335,580.1499999999999,0,0,0
41700204,1610612761,Raptors,42017,TOR @ CLE,L,1107.692307692308,1492.0399999999997,480.0,532.8714285714285,0,0,0
41700211,1610612738,Celtics,42017,BOS vs. PHI,W,1440.0,2027.3,400.0,440.7173913043479,1,1,0
41700211,1610612755,76ers,42017,PHI @ BOS,L,1200.0,2050.4,436.36363636363615,569.5555555555554,0,0,0
41700212,1610612738,Celtics,42017,BOS vs. PHI,W,1440.0,2030.2,436.36363636363615,507.55,1,1,0
41700212,1610612755,76ers,42017,PHI @ BOS,L,1600.0,2138.18,436.36363636363615,534.545,0,0,0
41700213,1610612738,Celtics,42017,BOS @ PHI,W,1766.6666666666665,2187.9,345.65217391304384,390.6964285714287,0,1,0
41700213,1610612755,76ers,42017,PHI vs. BOS,L,1766.6666666666665,2210.12,361.36363636363615,425.0230769230767,1,0,0
41700214,1610612738,Celtics,42017,BOS @ PHI,L,1200.0,1908.8,389.1891891891895,454.47619047619065,0,0,0
41700214,1610612755,76ers,42017,PHI vs. BOS,W,1600.0,2140.7400000000002,400.0,486.5318181818183,1,1,0
41700215,1610612738,Celtics,42017,BOS vs. PHI,W,1799.9999999999998,2087.92,399.99999999999994,386.6518518518517,1,1,0
41700215,1610612755,76ers,42017,PHI @ BOS,L,1600.0,2260.12,360.00000000000006,418.54074074074066,0,0,0
41700221,1610612745,Rockets,42017,HOU vs. UTA,W,1200.0,2068.62,423.52941176470614,517.155,1,1,0
41700221,1610612762,Jazz,42017,UTA @ HOU,L,1309.0909090909088,1923.86,411.4285714285711,506.2789473684208,0,0,0
41700222,1610612745,Rockets,42017,HOU vs. UTA,L,1440.0,2034.2,423.52941176470614,462.3181818181819,1,0,0
41700222,1610612762,Jazz,42017,UTA @ HOU,W,1600.0,1902.7400000000002,436.36363636363615,528.5388888888889,0,1,0
41700223,1610612745,Rockets,42017,HOU @ UTA,W,1200.0,1723.92,450.0,507.0352941176471,0,1,0
41700223,1610612762,Jazz,42017,UTA vs. HOU,L,1107.692307692308,1634.4,411.4285714285711,544.8000000000001,1,0,0
41700224,1610612745,Rockets,42017,HOU @ UTA,W,1600.0,2105.34,496.5517241379311,584.8166666666668,0,1,0
41700224,1610612762,Jazz,42017,UTA vs. HOU,L,1440.0,2080.0800000000004,450.00000000000006,547.3894736842104,1,0,0
41700225,1610612745,Rockets,42017,HOU vs. UTA,W,1600.0,1969.4,533.3333333333335,547.0555555555554,1,1,0
41700225,1610612762,Jazz,42017,UTA @ HOU,L,1600.0,2048.0,533.3333333333335,568.8888888888888,0,0,0
41700301,1610612738,Celtics,42017,BOS vs. CLE,W,1309.0909090909088,1930.3399999999997,450.0,536.2055555555556,1,1,0
41700302,1610612738,Celtics,42017,BOS vs. CLE,W,1309.0909090909088,2089.1400000000003,411.4285714285711,580.3166666666668,1,1,0
41700303,1610612738,Celtics,42017,BOS @ CLE,L,1309.0909090909088,1623.4,480.0,541.1333333333333,0,0,0
41700304,1610612738,Celtics,42017,BOS @ CLE,L,1800.0,2202.56,423.52941176470614,478.8173913043478,0,0,0
41700305,1610612738,Celtics,42017,BOS vs. CLE,W,1600.0,2086.7599999999998,449.99999999999994,496.8476190476193,1,1,0
41700306,1610612738,Celtics,42017,BOS @ CLE,L,1309.0909090909088,2028.5199999999998,450.0,533.821052631579,0,0,0
41700307,1610612738,Celtics,42017,BOS vs. CLE,L,2057.1428571428573,2116.0,496.5517241379311,480.90909090909076,1,0,0
41700311,1610612745,Rockets,42017,HOU vs. GSW,L,1440.0,1933.4,480.0,483.3500000000002,1,0,0
41700312,1610612745,Rockets,42017,HOU vs. GSW,W,1200.0,2042.8,480.0,600.8235294117646,1,1,0
41700313,1610612745,Rockets,42017,HOU @ GSW,L,1309.0909090909088,1859.4,464.5161290322577,546.8823529411765,0,0,0
41700314,1610612745,Rockets,42017,HOU @ GSW,W,2057.1428571428573,2324.8,496.5517241379311,528.3636363636361,0,1,0
41700315,1610612745,Rockets,42017,HOU vs. GSW,W,2057.1428571428573,2250.1,464.5161290322577,489.1521739130438,1,1,0
41700316,1610612745,Rockets,42017,HOU @ GSW,L,1440.0,2163.2,480.0,600.8888888888888,0,0,0
41700317,1610612745,Rockets,42017,HOU vs. GSW,L,1800.0,2474.06,514.2857142857141,687.2388888888889,1,0,0
41800101,1610612749,Bucks,42018,MIL vs. DET,W,1309.0909090909088,1477.8,351.21951219512215,388.89473684210515,1,1,0
41800102,1610612749,Bucks,42018,MIL vs. DET,W,1309.0909090909095,1812.0800000000004,351.21951219512215,393.9304347826089,1,1,0
41800103,1610612749,Bucks,42018,MIL @ DET,W,1200.0,1753.3400000000001,282.35294117647044,350.6679999999999,0,1,0
41800104,1610612749,Bucks,42018,MIL @ DET,W,1200.0,1719.7400000000002,293.8775510204085,330.719230769231,0,1,0
41800111,1610612753,Magic,42018,ORL @ TOR,W,1599.9999999999998,2075.2200000000003,436.36363636363615,518.8050000000002,0,1,0
41800111,1610612761,Raptors,42018,TOR vs. ORL,L,1600.0,2097.4,576.0,582.6111111111112,1,0,0
41800112,1610612753,Magic,42018,ORL @ TOR,L,1200.0,1633.2,514.2857142857141,544.3999999999999,0,0,0
41800112,1610612761,Raptors,42018,TOR vs. ORL,W,1200.0,1817.2,480.0,567.875,1,1,0
41800113,1610612753,Magic,42018,ORL vs. TOR,L,1600.0,2059.4,496.5517241379311,541.9473684210527,1,0,0
41800113,1610612761,Raptors,42018,TOR @ ORL,W,1600.0,2139.02,576.0,668.4437500000001,0,1,0
41800114,1610612753,Magic,42018,ORL vs. TOR,L,1200.0,1814.6200000000001,411.4285714285711,504.061111111111,1,0,0
41800114,1610612761,Raptors,42018,TOR @ ORL,W,1107.692307692308,1930.4,533.3333333333335,689.4285714285713,0,1,0
41800115,1610612753,Magic,42018,ORL @ TOR,L,1200.0,1579.0,496.5517241379311,526.3333333333333,0,0,0
41800115,1610612761,Raptors,42018,TOR vs. ORL,W,1107.692307692308,1712.48,576.0,713.5333333333332,1,1,0
41800121,1610612751,Nets,42018,BKN @ PHI,W,1440.0,1380.2,423.52941176470614,405.94117647058823,0,1,0
41800121,1610612755,76ers,42018,PHI vs. BKN,L,1309.0909090909088,1901.3,334.88372093023276,413.3260869565219,1,0,0
41800122,1610612751,Nets,42018,BKN @ PHI,L,1107.692307692308,1384.36,423.52941176470614,384.5444444444445,0,0,0
41800122,1610612755,76ers,42018,PHI vs. BKN,W,1107.692307692308,1608.8799999999999,389.1891891891895,383.06666666666666,1,1,0
41800123,1610612751,Nets,42018,BKN vs. PHI,L,1107.692307692308,1527.0,389.1891891891895,424.16666666666674,1,0,0
41800123,1610612755,76ers,42018,PHI @ BKN,W,1200.0,2054.34,351.21951219512215,427.98749999999995,0,1,0
41800124,1610612751,Nets,42018,BKN vs. PHI,L,1600.0,1990.52,450.00000000000006,523.821052631579,1,0,0
41800124,1610612755,76ers,42018,PHI @ BKN,W,1309.0909090909088,2081.9800000000005,342.85714285714306,433.74583333333317,0,1,0
41800125,1610612751,Nets,42018,BKN @ PHI,L,1107.692307692308,1553.8,400.0,408.89473684210515,0,0,0
41800125,1610612755,76ers,42018,PHI vs. BKN,W,1107.692307692308,1523.6,436.36363636363615,448.1176470588235,1,1,0
41800131,1610612738,Celtics,42018,BOS vs. IND,W,1107.692307692308,1811.8200000000002,411.4285714285711,452.95500000000004,1,1,0
41800131,1610612754,Pacers,42018,IND @ BOS,L,1107.692307692308,1737.8400000000001,423.52941176470614,511.1294117647058,0,0,0
41800132,1610612738,Celtics,42018,BOS vs. IND,W,1600.0,1882.4,496.5517241379311,522.8888888888888,1,1,0
41800132,1610612754,Pacers,42018,IND @ BOS,L,1440.0,1936.6599999999999,389.1891891891895,440.1499999999998,0,0,0
41800133,1610612738,Celtics,42018,BOS @ IND,W,1600.0,1950.8,464.5161290322577,464.47619047619065,0,1,0
41800133,1610612754,Pacers,42018,IND vs. BOS,L,1600.0,1979.42,514.2857142857141,494.85499999999973,1,0,0
41800134,1610612738,Celtics,42018,BOS @ IND,W,1600.0,1818.6,423.52941176470614,478.578947368421,0,1,0
41800134,1610612754,Pacers,42018,IND vs. BOS,L,1600.0,2017.7599999999998,480.0,504.43999999999994,1,0,0
41800141,1610612746,Clippers,42018,LAC @ GSW,L,1107.692307692308,1516.78,423.52941176470614,473.99374999999986,0,0,0
41800142,1610612746,Clippers,42018,LAC @ GSW,W,1309.0909090909088,1661.4,450.0,519.1875,0,1,0
41800143,1610612746,Clippers,42018,LAC vs. GSW,L,1107.692307692308,1323.44,411.4285714285711,441.1466666666666,1,0,0
41800144,1610612746,Clippers,42018,LAC vs. GSW,L,1440.0,1822.44,449.99999999999994,455.60999999999996,1,0,0
41800145,1610612746,Clippers,42018,LAC @ GSW,W,1600.0,1939.02,464.5161290322577,461.6714285714286,0,1,0
41800146,1610612746,Clippers,42018,LAC vs. GSW,L,1309.0909090909095,2029.0,411.4285714285711,483.09523809523836,1,0,0
41800151,1610612743,Nuggets,42018,DEN vs. SAS,L,1600.0,2087.18,553.8461538461542,579.7722222222221,1,0,0
41800152,1610612743,Nuggets,42018,DEN vs. SAS,W,1600.0,1995.8200000000002,533.3333333333335,587.0058823529414,1,1,0
41800153,1610612743,Nuggets,42018,DEN @ SAS,L,1200.0,1747.1799999999998,400.0,459.78421052631546,0,0,0
41800154,1610612743,Nuggets,42018,DEN @ SAS,W,1309.0909090909088,2045.98,533.3333333333335,639.3687499999999,0,1,0
41800155,1610612743,Nuggets,42018,DEN vs. SAS,W,1440.0,1671.4,654.5454545454542,642.846153846154,1,1,0
41800156,1610612743,Nuggets,42018,DEN @ SAS,L,1200.0,2089.44,464.5161290322577,614.5411764705883,0,0,0
41800157,1610612743,Nuggets,42018,DEN vs. SAS,W,1600.0,2139.1,450.0,534.7749999999999,1,1,0
41800161,1610612757,Trail Blazers,42018,POR vs. OKC,W,1440.0,2000.6200000000001,411.4285714285711,500.15500000000003,1,1,0
41800161,1610612760,Thunder,42018,OKC @ POR,L,1600.0,2013.3,480.0,559.25,0,0,0
41800162,1610612757,Trail Blazers,42018,POR vs. OKC,W,1107.692307692308,1732.9,411.4285714285711,541.53125,1,1,0
41800162,1610612760,Thunder,42018,OKC @ POR,L,1309.0909090909088,2022.2,411.4285714285711,532.1578947368419,0,0,0
41800163,1610612757,Trail Blazers,42018,POR @ OKC,L,1200.0,2022.08,480.0,631.8999999999999,0,0,0
41800163,1610612760,Thunder,42018,OKC vs. POR,W,1309.0909090909088,1970.0400000000002,378.94736842105294,469.0571428571427,1,1,0
41800164,1610612757,Trail Blazers,42018,POR @ OKC,W,1200.0,2130.5,449.99999999999994,626.6176470588235,0,1,0
41800164,1610612760,Thunder,42018,OKC vs. POR,L,1309.0909090909097,2069.06,514.2857142857142,689.6866666666666,1,0,0
41800165,1610612757,Trail Blazers,42018,POR vs. OKC,W,1440.0,2026.02,553.8461538461542,633.1312500000001,1,1,0
41800165,1610612760,Thunder,42018,OKC @ POR,L,1600.0,2296.38,757.8947368421051,956.8250000000002,0,0,0
41800171,1610612745,Rockets,42018,HOU vs. UTA,W,1440.0,1927.4,464.5161290322577,566.8823529411765,1,1,0
41800171,1610612762,Jazz,42018,UTA @ HOU,L,1107.692307692308,1889.0,411.4285714285711,524.7222222222224,0,0,0
41800172,1610612745,Rockets,42018,HOU vs. UTA,W,1200.0,1857.8,450.0,546.4117647058822,1,1,0
41800172,1610612762,Jazz,42018,UTA @ HOU,L,1107.692307692308,1842.3200000000002,411.4285714285711,484.821052631579,0,0,0
41800173,1610612745,Rockets,42018,HOU @ UTA,W,1600.0,2132.2799999999997,496.5517241379311,561.1263157894737,0,1,0
41800173,1610612762,Jazz,42018,UTA vs. HOU,L,1440.0,1925.1,400.0,458.35714285714295,1,0,0
41800174,1610612745,Rockets,42018,HOU @ UTA,L,1309.0909090909086,2112.2,399.99999999999994,528.05,0,0,0
41800174,1610612762,Jazz,42018,UTA vs. HOU,W,1440.0,1896.8,480.0,526.8888888888888,1,1,0
41800175,1610612745,Rockets,42018,HOU vs. UTA,W,1440.0,2297.0,464.5161290322577,574.25,1,1,0
41800175,1610612762,Jazz,42018,UTA @ HOU,L,1599.9999999999998,2051.2400000000002,436.36363636363615,466.19090909090903,0,0,0
41800201,1610612738,Celtics,42018,BOS @ MIL,W,1107.692307692308,1927.2599999999998,400.0,535.3500000000001,0,1,0
41800201,1610612749,Bucks,42018,MIL vs. BOS,L,1200.0,1699.3200000000002,342.857142857143,404.6000000000001,1,0,0
41800202,1610612738,Celtics,42018,BOS @ MIL,L,1200.0,1709.6,514.2857142857141,502.8235294117648,0,0,0
41800202,1610612749,Bucks,42018,MIL vs. BOS,W,1200.0,1665.6,378.94736842105294,396.5714285714285,1,1,0
41800203,1610612738,Celtics,42018,BOS vs. MIL,L,1440.0,2115.4,436.36363636363615,503.6666666666667,1,0,0
41800203,1610612749,Bucks,42018,MIL @ BOS,W,1440.0,1961.3,288.0,306.453125,0,1,0
41800204,1610612738,Celtics,42018,BOS vs. MIL,L,1440.0,2174.6400000000003,423.52941176470614,543.66,1,0,0
41800204,1610612749,Bucks,42018,MIL @ BOS,W,1309.0909090909088,1841.58,313.0434782608698,328.85357142857157,0,1,0
41800205,1610612738,Celtics,42018,BOS @ MIL,L,1107.692307692308,1602.7400000000002,313.04347826086985,333.9041666666669,0,0,0
41800205,1610612749,Bucks,42018,MIL vs. BOS,W,1200.0,1671.7600000000002,300.0,334.352,1,1,0
41800211,1610612755,76ers,42018,PHI @ TOR,L,1200.0,2061.92,411.4285714285711,542.6105263157896,0,0,0
41800211,1610612761,Raptors,42018,TOR vs. PHI,W,1107.692307692308,2014.8,576.0,774.9230769230769,1,1,0
41800212,1610612755,76ers,42018,PHI @ TOR,W,1440.0,2294.94,411.4285714285711,521.5772727272725,0,1,0
41800212,1610612761,Raptors,42018,TOR vs. PHI,L,1600.0,2295.6,600.0,675.1764705882354,1,0,0
41800213,1610612755,76ers,42018,PHI vs. TOR,W,1107.692307692308,1973.5400000000002,342.857142857143,448.5318181818183,1,1,0
41800213,1610612761,Raptors,42018,TOR @ PHI,L,1200.0,2054.2599999999998,436.36363636363615,604.1941176470589,0,0,0
41800214,1610612755,76ers,42018,PHI vs. TOR,L,1600.0,2277.4,423.52941176470614,517.5909090909093,1,0,0
41800214,1610612761,Raptors,42018,TOR @ PHI,W,1600.0,2299.38,480.0,605.1000000000001,0,1,0
41800215,1610612755,76ers,42018,PHI @ TOR,L,1107.692307692308,1819.5400000000002,423.52941176470614,478.82631578947365,0,0,0
41800215,1610612761,Raptors,42018,TOR vs. PHI,W,1107.692307692308,1978.3400000000001,450.0,581.8647058823528,1,1,0
41800216,1610612755,76ers,42018,PHI vs. TOR,W,1200.0,2074.68,351.21951219512215,432.2250000000002,1,1,0
41800216,1610612761,Raptors,42018,TOR @ PHI,L,1309.0909090909088,2184.48,411.4285714285711,520.1142857142858,0,0,0
41800217,1610612755,76ers,42018,PHI @ TOR,L,1800.0000000000002,2557.8200000000006,496.5517241379311,673.1105263157896,0,0,0
41800217,1610612761,Raptors,42018,TOR vs. PHI,W,2057.1428571428573,2346.56,599.9999999999999,690.1647058823529,1,1,0
41800221,1610612745,Rockets,42018,HOU @ GSW,L,1600.0,2129.2599999999998,378.94736842105294,506.96666666666664,0,0,0
41800222,1610612745,Rockets,42018,HOU @ GSW,L,1309.0909090909088,2223.7200000000003,411.4285714285711,505.39090909090913,0,0,0
41800223,1610612745,Rockets,42018,HOU vs. GSW,W,1766.6666666666665,2438.7200000000003,441.6666666666664,554.2545454545453,1,1,0
41800224,1610612745,Rockets,42018,HOU vs. GSW,W,1600.0,2148.24,533.3333333333335,565.3263157894737,1,1,0
41800225,1610612745,Rockets,42018,HOU @ GSW,L,1600.0,2307.66,436.36363636363615,576.9150000000002,0,0,0
41800226,1610612745,Rockets,42018,HOU vs. GSW,L,1600.0000000000002,2275.16,411.4285714285711,541.704761904762,1,0,0
41800231,1610612743,Nuggets,42018,DEN vs. POR,W,1600.0000000000002,1884.42,450.0,448.6714285714287,1,1,0
41800231,1610612757,Trail Blazers,42018,POR @ DEN,L,1440.0,1970.56,533.3333333333335,656.8533333333332,0,0,0
41800232,1610612743,Nuggets,42018,DEN vs. POR,L,1600.0,1969.7,423.52941176470614,492.425,1,0,0
41800232,1610612757,Trail Blazers,42018,POR @ DEN,W,1440.0,1862.22,423.52941176470614,490.057894736842,0,1,0
41800233,1610612743,Nuggets,42018,DEN @ POR,L,2266.6666666666665,3050.6400000000003,510.0,586.6615384615383,0,0,0
41800233,1610612757,Trail Blazers,42018,POR vs. DEN,W,2266.666666666666,3188.04,536.8421052631579,693.0521739130435,1,1,0
41800234,1610612743,Nuggets,42018,DEN @ POR,W,1599.9999999999998,2045.72,378.94736842105294,393.4076923076924,0,1,0
41800234,1610612757,Trail Blazers,42018,POR vs. DEN,L,1600.0,1885.0600000000002,389.1891891891895,448.8238095238095,1,0,0
41800235,1610612743,Nuggets,42018,DEN vs. POR,W,1309.0909090909088,1945.8799999999999,464.5161290322577,572.3176470588234,1,1,0
41800235,1610612757,Trail Blazers,42018,POR @ DEN,L,1107.692307692308,1488.8,553.8461538461542,620.3333333333333,0,0,0
41800236,1610612743,Nuggets,42018,DEN @ POR,L,1600.0,2262.88,514.2857142857141,628.577777777778,0,0,0
41800236,1610612757,Trail Blazers,42018,POR vs. DEN,W,1600.0,1681.8,626.0869565217395,700.75,1,1,0
41800237,1610612743,Nuggets,42018,DEN vs. POR,L,1600.0,2206.2200000000003,450.0,551.5550000000002,1,0,0
41800237,1610612757,Trail Blazers,42018,POR @ DEN,W,1440.0,1851.1800000000003,464.5161290322577,617.0600000000001,0,1,0
41800301,1610612749,Bucks,42018,MIL vs. TOR,W,1600.0,1934.7199999999998,342.857142857143,372.0615384615384,1,1,0
41800301,1610612761,Raptors,42018,TOR @ MIL,L,1800.0,2397.3199999999997,654.5454545454542,749.1625000000001,0,0,0
41800302,1610612749,Bucks,42018,MIL vs. TOR,W,1107.692307692308,1707.4,313.04347826086985,341.4799999999998,1,1,0
41800302,1610612761,Raptors,42018,TOR @ MIL,L,1107.692307692308,1721.0400000000002,450.0,537.8249999999999,0,0,0
41800303,1610612749,Bucks,42018,MIL @ TOR,L,1933.3333333333333,2304.0,355.1020408163263,360.0,0,0,0
41800303,1610612761,Raptors,42018,TOR vs. MIL,W,1933.3333333333333,2570.8,527.2727272727275,642.7000000000002,1,1,0
41800304,1610612749,Bucks,42018,MIL @ TOR,L,1107.692307692308,1689.5,288.0,291.29310344827604,0,0,0
41800304,1610612761,Raptors,42018,TOR vs. MIL,W,1107.692307692308,1760.8,389.1891891891895,419.2380952380953,1,1,0
41800305,1610612749,Bucks,42018,MIL vs. TOR,L,1439.9999999999998,2100.4199999999996,306.3829787234044,375.0750000000001,1,0,0
41800305,1610612761,Raptors,42018,TOR @ MIL,W,1800.0,1916.6599999999999,496.5517241379311,504.38421052631577,0,1,0
41800306,1610612749,Bucks,42018,MIL @ TOR,L,1800.0,2122.04,320.0,353.6733333333334,0,0,0
41800306,1610612761,Raptors,42018,TOR vs. MIL,W,1800.0,1977.0,533.3333333333335,581.4705882352939,1,1,0
41800311,1610612757,Trail Blazers,42018,POR @ GSW,L,1200.0,1826.8,464.5161290322577,608.9333333333332,0,0,0
41800312,1610612757,Trail Blazers,42018,POR @ GSW,L,1439.9999999999998,1713.8400000000001,533.3333333333335,571.28,0,0,0
41800313,1610612757,Trail Blazers,42018,POR vs. GSW,L,1440.0,1769.1200000000001,533.3333333333335,589.7066666666668,1,0,0
41800314,1610612757,Trail Blazers,42018,POR vs. GSW,L,1589.9999999999998,1863.3,481.8181818181819,621.1000000000001,1,0,0
41800401,1610612761,Raptors,42018,TOR vs. GSW,W,1600.0,2141.2,496.5517241379311,486.6363636363638,1,1,0
41800402,1610612761,Raptors,42018,TOR vs. GSW,L,1800.0,1973.6200000000001,553.8461538461542,493.40500000000003,1,0,0
41800403,1610612761,Raptors,42018,TOR @ GSW,W,1200.0,2085.92,496.5517241379311,613.5058823529414,0,1,0
41800404,1610612761,Raptors,42018,TOR @ GSW,W,1600.0,2121.0,576.0,662.8125,0,1,0
41800405,1610612761,Raptors,42018,TOR vs. GSW,L,1600.0,2181.6,533.3333333333335,606.0,1,0,0
41800406,1610612761,Raptors,42018,TOR @ GSW,W,1800.0,2078.92,553.8461538461542,649.6625000000001,0,1,0
41900101,1610612749,Bucks,42019,MIL vs. ORL,L,1200.0,1786.2,261.8181818181819,330.7777777777776,1,0,1
41900101,1610612753,Magic,42019,ORL @ MIL,W,1600.0,1933.9599999999998,480.0,508.936842105263,0,1,1
41900102,1610612749,Bucks,42019,MIL vs. ORL,W,1309.0909090909088,1718.7599999999998,257.142857142857,318.288888888889,1,1,1
41900102,1610612753,Magic,42019,ORL @ MIL,L,1600.0,1809.0,496.5517241379311,476.05263157894734,0,0,1
41900103,1610612749,Bucks,42019,MIL @ ORL,W,1107.692307692308,1698.98,313.04347826086985,386.13181818181806,0,1,1
41900103,1610612753,Magic,42019,ORL vs. MIL,L,1309.0909090909088,1669.8,464.5161290322577,491.11764705882354,1,0,1
41900104,1610612749,Bucks,42019,MIL @ ORL,W,1309.0909090909088,1714.4,306.3829787234044,372.6956521739131,0,1,1
41900104,1610612753,Magic,42019,ORL vs. MIL,L,1600.0,1859.8799999999999,480.0,489.442105263158,1,0,1
41900105,1610612749,Bucks,42019,MIL vs. ORL,W,1309.0909090909088,1689.5,261.8181818181819,337.89999999999986,1,1,1
41900105,1610612753,Magic,42019,ORL @ MIL,L,1600.0,1903.72,480.0,528.811111111111,0,0,1
41900111,1610612751,Nets,42019,BKN @ TOR,L,1107.692307692308,1839.8800000000003,411.4285714285711,418.15454545454554,0,0,1
41900111,1610612761,Raptors,42019,TOR vs. BKN,W,1309.0909090909088,1960.4,480.0,612.625,1,1,1
41900112,1610612751,Nets,42019,BKN @ TOR,L,1800.0,2279.92,533.3333333333335,569.9799999999998,0,0,1
41900112,1610612761,Raptors,42019,TOR vs. BKN,W,1600.0,2041.0,626.0869565217395,680.3333333333334,1,1,1
41900113,1610612751,Nets,42019,BKN vs. TOR,L,1200.0,1943.0,553.8461538461542,647.6666666666666,1,0,1
41900113,1610612761,Raptors,42019,TOR @ BKN,W,1107.692307692308,1852.3,514.2857142857141,578.84375,0,1,1
41900114,1610612751,Nets,42019,BKN vs. TOR,L,1200.0,1719.2599999999998,685.7142857142858,781.4818181818181,1,0,1
41900114,1610612761,Raptors,42019,TOR @ BKN,W,1107.692307692308,1289.2,626.0869565217395,644.6000000000001,0,1,1
41900121,1610612738,Celtics,42019,BOS vs. PHI,W,1309.0909090909088,2093.82,450.0,551.0052631578948,1,1,1
41900121,1610612755,76ers,42019,PHI @ BOS,L,1600.0,2043.44,423.52941176470614,425.7166666666669,0,0,1
41900122,1610612738,Celtics,42019,BOS vs. PHI,W,1107.692307692308,1530.6,450.0,546.642857142857,1,1,1
41900122,1610612755,76ers,42019,PHI @ BOS,L,1200.0000000000002,1831.8200000000002,464.516129032258,508.8388888888888,0,0,1
41900123,1610612738,Celtics,42019,BOS @ PHI,W,1440.0,2086.7799999999997,389.1891891891895,496.8523809523811,0,1,1
41900123,1610612755,76ers,42019,PHI vs. BOS,L,1600.0,2301.8,514.2857142857141,605.7368421052632,1,0,1
41900124,1610612738,Celtics,42019,BOS @ PHI,W,1309.0909090909088,2236.56,423.52941176470614,559.14,0,1,1
41900124,1610612755,76ers,42019,PHI vs. BOS,L,1440.0000000000002,2142.44,464.516129032258,535.61,1,0,1
41900131,1610612748,Heat,42019,MIA @ IND,W,1600.0,1856.6,600.0,618.8666666666667,0,1,1
41900131,1610612754,Pacers,42019,IND vs. MIA,L,1440.0,1611.3600000000001,480.0,575.4857142857144,1,0,1
41900132,1610612748,Heat,42019,MIA @ IND,W,1600.0,1819.5800000000004,464.5161290322577,478.83684210526354,0,1,1
41900132,1610612754,Pacers,42019,IND vs. MIA,L,1309.0909090909088,1999.8,480.0,588.1764705882354,1,0,1
41900133,1610612748,Heat,42019,MIA vs. IND,W,1600.0,1929.64,480.0,507.8,1,1,1
41900133,1610612754,Pacers,42019,IND @ MIA,L,1600.0,2249.2599999999998,480.0,562.3149999999999,0,0,1
41900134,1610612748,Heat,42019,MIA vs. IND,W,1440.0,1734.14,480.00000000000006,510.04117647058837,1,1,1
41900134,1610612754,Pacers,42019,IND @ MIA,L,1600.0,2442.0,626.0869565217395,814.0,0,0,1
41900141,1610612747,Lakers,42019,LAL vs. POR,L,1440.0,1750.0,480.0,514.7058823529413,1,0,1
41900141,1610612757,Trail Blazers,42019,POR @ LAL,W,1800.0,2053.68,480.0,513.42,0,1,1
41900142,1610612747,Lakers,42019,LAL vs. POR,W,1107.692307692308,1345.7,496.5517241379311,517.576923076923,1,1,1
41900142,1610612757,Trail Blazers,42019,POR @ LAL,L,1309.0909090909088,1674.9,464.5161290322577,558.3000000000001,0,0,1
41900143,1610612747,Lakers,42019,LAL @ POR,W,1440.0,1791.78,400.0,471.5210526315788,0,1,1
41900143,1610612757,Trail Blazers,42019,POR vs. LAL,L,1599.9999999999998,2267.22,496.5517241379311,666.8294117647058,1,0,1
41900144,1610612747,Lakers,42019,LAL @ POR,W,1107.692307692308,1304.4,480.0,501.6923076923077,0,1,1
41900144,1610612757,Trail Blazers,42019,POR vs. LAL,L,1309.0909090909088,1583.6,757.8947368421051,719.8181818181819,1,0,1
41900145,1610612747,Lakers,42019,LAL vs. POR,W,1199.9999999999998,1722.42,411.4285714285711,478.44999999999993,1,1,1
41900145,1610612757,Trail Blazers,42019,POR @ LAL,L,1600.0,2150.44,423.52941176470614,537.61,0,0,1
41900151,1610612742,Mavericks,42019,DAL @ LAC,L,1440.0,1914.2,400.0,435.0454545454546,0,0,1
41900151,1610612746,Clippers,42019,LAC vs. DAL,W,1309.0909090909088,1808.5199999999998,360.0,475.9263157894737,1,1,1
41900152,1610612742,Mavericks,42019,DAL @ LAC,W,1440.0,1974.08,320.0,429.1478260869565,0,1,1
41900152,1610612746,Clippers,42019,LAC vs. DAL,L,1200.0,1824.0,306.3829787234044,434.2857142857144,1,0,1
41900153,1610612742,Mavericks,42019,DAL vs. LAC,L,1440.0,2070.42,423.52941176470614,470.54999999999995,1,0,1
41900153,1610612746,Clippers,42019,LAC @ DAL,W,1309.0909090909097,1983.8800000000003,400.00000000000006,522.0736842105264,0,1,1
41900154,1610612742,Mavericks,42019,DAL vs. LAC,W,1590.0,2268.34,418.42105263157873,515.5318181818183,1,1,1
41900154,1610612746,Clippers,42019,LAC @ DAL,L,1589.9999999999998,2058.34,361.36363636363615,467.80454545454563,0,0,1
41900155,1610612742,Mavericks,42019,DAL @ LAC,L,1200.0,1686.1200000000001,496.5517241379311,562.0400000000001,0,0,1
41900155,1610612746,Clippers,42019,LAC vs. DAL,W,1107.692307692308,1540.72,389.1891891891895,453.1529411764705,1,1,1
41900156,1610612742,Mavericks,42019,DAL vs. LAC,L,1309.0909090909088,2188.6,411.4285714285711,521.0952380952383,1,0,1
41900156,1610612746,Clippers,42019,LAC @ DAL,W,1200.0,1942.6,496.5517241379311,607.0625,0,1,1
41900161,1610612743,Nuggets,42019,DEN vs. UTA,W,1766.6666666666665,1975.3799999999999,467.6470588235296,470.3285714285714,1,1,1
41900161,1610612762,Jazz,42019,UTA @ DEN,L,1766.6666666666665,2226.2200000000003,467.6470588235296,505.9590909090911,0,0,1
41900162,1610612743,Nuggets,42019,DEN vs. UTA,L,1107.692307692308,1687.4,400.0,444.05263157894746,1,0,1
41900162,1610612762,Jazz,42019,UTA @ DEN,W,1107.692307692308,1818.4,450.0,568.25,0,1,1
41900163,1610612743,Nuggets,42019,DEN @ UTA,L,1107.692307692308,1419.28,576.0,591.3666666666667,0,0,1
41900163,1610612762,Jazz,42019,UTA vs. DEN,W,1107.692307692308,1596.6799999999998,533.3333333333335,570.2428571428571,1,1,1
41900164,1610612743,Nuggets,42019,DEN @ UTA,L,1600.0,2268.98,411.4285714285711,515.6772727272727,0,0,1
41900164,1610612762,Jazz,42019,UTA vs. DEN,W,1600.0,2168.5,360.0,417.0192307692306,1,1,1
41900165,1610612743,Nuggets,42019,DEN vs. UTA,W,1600.0,1942.6,553.8461538461542,647.5333333333331,1,1,1
41900165,1610612762,Jazz,42019,UTA @ DEN,L,1600.0,2222.3199999999997,436.36363636363615,529.1238095238095,0,0,1
41900166,1610612743,Nuggets,42019,DEN @ UTA,W,1600.0,1895.8400000000001,479.99999999999994,498.90526315789447,0,1,1
41900166,1610612762,Jazz,42019,UTA vs. DEN,L,1600.0,2203.6,436.36363636363615,500.8181818181819,1,0,1
41900167,1610612743,Nuggets,42019,DEN vs. UTA,W,1600.0,1857.36,514.2857142857141,546.2823529411763,1,1,1
41900167,1610612762,Jazz,42019,UTA @ DEN,L,1800.0,2421.2,685.7142857142858,756.625,0,0,1
41900171,1610612745,Rockets,42019,HOU vs. OKC,W,1309.0909090909088,1907.0,411.4285714285711,454.04761904761915,1,1,1
41900171,1610612760,Thunder,42019,OKC @ HOU,L,1107.692307692308,1782.64,400.0,495.1777777777778,0,0,1
41900172,1610612745,Rockets,42019,HOU vs. OKC,W,1800.0,1970.6,553.8461538461542,547.3888888888888,1,1,1
41900172,1610612760,Thunder,42019,OKC @ HOU,L,1440.0000000000002,1953.8399999999997,411.4285714285711,444.05454545454546,0,0,1
41900173,1610612745,Rockets,42019,HOU @ OKC,L,1987.5,2204.0,588.8888888888888,648.235294117647,0,0,1
41900173,1610612760,Thunder,42019,OKC vs. HOU,W,1987.5,2394.58,407.6923076923081,427.6035714285716,1,1,1
41900174,1610612745,Rockets,42019,HOU @ OKC,L,1800.0,2219.0,514.2857142857141,554.75,0,0,1
41900174,1610612760,Thunder,42019,OKC vs. HOU,W,1600.0,2062.8,496.5517241379311,491.14285714285705,1,1,1
41900175,1610612745,Rockets,42019,HOU vs. OKC,W,1107.692307692308,1640.92,411.4285714285711,455.81111111111113,1,1,1
41900175,1610612760,Thunder,42019,OKC @ HOU,L,1200.0,1620.5400000000002,533.3333333333335,506.4187499999999,0,0,1
41900176,1610612745,Rockets,42019,HOU @ OKC,L,1600.0,2119.6,480.0,529.8999999999999,0,0,1
41900176,1610612760,Thunder,42019,OKC vs. HOU,W,1599.9999999999998,1907.7399999999998,411.4285714285711,414.72608695652167,1,1,1
41900177,1610612745,Rockets,42019,HOU vs. OKC,W,1800.0,2230.0,553.8461538461542,586.8421052631581,1,1,1
41900177,1610612760,Thunder,42019,OKC @ HOU,L,1800.0,2109.0,450.0,458.4782608695653,0,0,1
41900201,1610612748,Heat,42019,MIA @ MIL,W,1600.0,2029.22,334.88372093023276,405.8439999999999,0,1,1
41900201,1610612749,Bucks,42019,MIL vs. MIA,L,1440.0,1933.6,288.0,358.0740740740741,1,0,1
41900202,1610612748,Heat,42019,MIA @ MIL,W,1440.0000000000002,1978.2599999999998,320.00000000000006,449.60454545454553,0,1,1
41900202,1610612749,Bucks,42019,MIL vs. MIA,L,1440.0000000000002,1948.4399999999998,200.00000000000003,231.95714285714288,1,0,1
41900203,1610612748,Heat,42019,MIA vs. MIL,W,1309.0909090909088,2041.0,351.21951219512215,463.8636363636362,1,1,1
41900203,1610612749,Bucks,42019,MIL @ MIA,L,1439.9999999999998,1921.5600000000002,288.0,355.84444444444466,0,0,1
41900204,1610612748,Heat,42019,MIA vs. MIL,L,1590.0,2312.0,387.8048780487806,481.6666666666667,1,0,1
41900204,1610612749,Bucks,42019,MIL @ MIA,W,1590.0,1988.8200000000002,244.61538461538473,301.3363636363636,0,1,1
41900205,1610612748,Heat,42019,MIA @ MIL,W,1600.0,1761.6200000000001,411.4285714285711,440.40500000000003,0,1,1
41900205,1610612749,Bucks,42019,MIL vs. MIA,L,1600.0,2054.28,271.6981132075471,320.98125000000005,1,0,1
41900211,1610612738,Celtics,42019,BOS @ TOR,W,1309.0909090909088,1880.4,436.36363636363615,494.8421052631582,0,1,1
41900211,1610612761,Raptors,42019,TOR vs. BOS,L,1309.0909090909088,1989.8200000000002,450.0,497.45500000000004,1,0,1
41900212,1610612738,Celtics,42019,BOS @ TOR,W,1600.0,2224.04,514.2857142857141,585.2736842105262,0,1,1
41900212,1610612761,Raptors,42019,TOR vs. BOS,L,1600.0,2230.84,654.5454545454542,796.7285714285716,1,0,1
41900213,1610612738,Celtics,42019,BOS vs. TOR,L,1309.0909090909088,2227.7,496.5517241379311,618.8055555555553,1,0,1
41900213,1610612761,Raptors,42019,TOR @ BOS,W,1800.0,2361.0,757.8947368421051,908.0769230769232,0,1,1
41900214,1610612738,Celtics,42019,BOS vs. TOR,L,1600.0,2253.04,450.0,512.0545454545457,1,0,1
41900214,1610612761,Raptors,42019,TOR @ BOS,W,1800.0,2340.6,757.8947368421051,900.2307692307694,0,1,1
41900215,1610612738,Celtics,42019,BOS @ TOR,W,1107.692307692308,2093.46,400.0,498.4428571428573,0,1,1
41900215,1610612761,Raptors,42019,TOR vs. BOS,L,1199.9999999999998,1640.3400000000001,514.2857142857141,546.78,1,0,1
41900216,1610612738,Celtics,42019,BOS vs. TOR,L,1933.3333333333333,3015.6,756.5217391304346,886.9411764705881,1,0,1
41900216,1610612761,Raptors,42019,TOR @ BOS,W,1933.3333333333337,2688.5,580.0000000000001,672.125,0,1,1
41900217,1610612738,Celtics,42019,BOS @ TOR,W,1600.0,2367.6,514.2857142857141,657.6666666666665,0,1,1
41900217,1610612761,Raptors,42019,TOR vs. BOS,L,1800.0,2188.88,626.0869565217395,684.0249999999997,1,0,1
41900221,1610612745,Rockets,42019,HOU @ LAL,W,1440.0,2094.2,436.36363636363615,523.55,0,1,1
41900221,1610612747,Lakers,42019,LAL vs. HOU,L,1200.0,1715.6,423.52941176470614,536.125,1,0,1
41900222,1610612745,Rockets,42019,HOU @ LAL,L,1600.0,2173.38,480.0,517.4714285714288,0,0,1
41900222,1610612747,Lakers,42019,LAL vs. HOU,W,1440.0,1672.2,480.0,522.5625,1,1,1
41900223,1610612745,Rockets,42019,HOU vs. LAL,L,1800.0,2207.0,514.2857142857141,525.4761904761906,1,0,1
41900223,1610612747,Lakers,42019,LAL @ HOU,W,1440.0,1611.0,533.3333333333335,537.0,0,1,1
41900224,1610612745,Rockets,42019,HOU vs. LAL,L,1800.0,2052.6,496.5517241379311,540.1578947368419,1,0,1
41900224,1610612747,Lakers,42019,LAL @ HOU,W,1600.0000000000002,1826.4,411.4285714285711,456.6000000000002,0,1,1
41900225,1610612745,Rockets,42019,HOU @ LAL,L,1309.0909090909088,1896.2,423.52941176470614,526.7222222222224,0,0,1
41900225,1610612747,Lakers,42019,LAL vs. HOU,W,1107.692307692308,1712.8,450.0,503.76470588235304,1,1,1
41900231,1610612743,Nuggets,42019,DEN @ LAC,L,1107.692307692308,1651.52,514.2857142857141,589.8285714285713,0,0,1
41900231,1610612746,Clippers,42019,LAC vs. DEN,W,1107.692307692308,1542.72,496.5517241379311,593.3538461538463,1,1,1
41900232,1610612743,Nuggets,42019,DEN @ LAC,W,1600.0,2143.46,533.3333333333335,630.4294117647058,0,1,1
41900232,1610612746,Clippers,42019,LAC vs. DEN,L,1309.0909090909088,1768.1200000000001,423.52941176470614,520.035294117647,1,0,1
41900233,1610612743,Nuggets,42019,DEN vs. LAC,L,1600.0,2196.5,496.5517241379311,610.1388888888888,1,0,1
41900233,1610612746,Clippers,42019,LAC @ DEN,W,1309.0909090909088,1915.64,351.21951219512215,456.10476190476203,0,1,1
41900234,1610612743,Nuggets,42019,DEN vs. LAC,L,1440.0,1856.6200000000001,450.0,546.0647058823527,1,0,1
41900234,1610612746,Clippers,42019,LAC @ DEN,W,1309.0909090909088,1776.36,400.0,422.9428571428572,0,1,1
41900235,1610612743,Nuggets,42019,DEN @ LAC,W,1600.0,2058.6,423.52941176470614,605.4705882352939,0,1,1
41900235,1610612746,Clippers,42019,LAC vs. DEN,L,1440.0,2130.0200000000004,334.88372093023276,426.00400000000013,1,0,1
41900236,1610612743,Nuggets,42019,DEN vs. LAC,W,1309.0909090909088,1967.2,450.0,578.5882352941178,1,1,1
41900236,1610612746,Clippers,42019,LAC @ DEN,L,1200.0,1893.9,351.21951219512215,450.92857142857144,0,0,1
41900237,1610612743,Nuggets,42019,DEN @ LAC,W,1200.0,2204.88,496.5517241379311,734.9599999999997,0,1,1
41900237,1610612746,Clippers,42019,LAC vs. DEN,L,1200.0,1828.92,389.1891891891895,481.29473684210535,1,0,1
41900301,1610612738,Celtics,42019,BOS vs. MIA,L,1590.0,2501.96,467.6470588235296,595.704761904762,1,0,1
41900301,1610612748,Heat,42019,MIA @ BOS,W,1589.9999999999998,2166.62,397.5,541.655,0,1,1
41900302,1610612738,Celtics,42019,BOS vs. MIA,L,1440.0,2212.62,423.52941176470614,526.8142857142855,1,0,1
41900302,1610612748,Heat,42019,MIA @ BOS,W,1440.0000000000002,2087.3,450.0,521.825,0,1,1
41900303,1610612738,Celtics,42019,BOS @ MIA,W,1600.0,2220.04,389.1891891891895,462.50833333333327,0,1,1
41900303,1610612748,Heat,42019,MIA vs. BOS,L,1440.0,1964.36,411.4285714285711,427.0347826086956,1,0,1
41900304,1610612738,Celtics,42019,BOS @ MIA,L,1440.0,2168.4,480.0,542.1000000000001,0,0,1
41900304,1610612748,Heat,42019,MIA vs. BOS,W,1800.0,2075.22,450.0,471.64090909090913,1,1,1
41900305,1610612738,Celtics,42019,BOS vs. MIA,W,1600.0,2235.52,480.0,532.2666666666665,1,1,1
41900305,1610612748,Heat,42019,MIA @ BOS,L,1440.0,2160.12,436.36363636363615,490.9363636363634,0,0,1
41900306,1610612738,Celtics,42019,BOS @ MIA,L,1440.0,2118.1400000000003,450.0,529.535,0,0,1
41900306,1610612748,Heat,42019,MIA vs. BOS,W,1800.0,2070.46,514.2857142857139,544.8578947368421,1,1,1
41900311,1610612743,Nuggets,42019,DEN @ LAL,L,1200.0,1655.2,411.4285714285711,551.7333333333335,0,0,1
41900311,1610612747,Lakers,42019,LAL vs. DEN,W,1107.692307692308,1533.4,400.0,479.1875,1,1,1
41900312,1610612743,Nuggets,42019,DEN @ LAL,L,1440.0,1923.56,464.516129032258,565.7529411764707,0,0,1
41900312,1610612747,Lakers,42019,LAL vs. DEN,W,1440.0,1765.6,411.4285714285711,464.63157894736844,1,1,1
41900313,1610612743,Nuggets,42019,DEN vs. LAL,W,1600.0,2137.54,533.3333333333335,593.7611111111111,1,1,1
41900313,1610612747,Lakers,42019,LAL @ DEN,L,1440.0,1620.6,496.5517241379311,623.3076923076923,0,0,1
41900314,1610612743,Nuggets,42019,DEN vs. LAL,L,1440.0,1907.9599999999998,436.36363636363615,529.9888888888889,1,0,1
41900314,1610612747,Lakers,42019,LAL @ DEN,W,1440.0,1885.6,514.2857142857141,589.25,0,1,1
41900315,1610612743,Nuggets,42019,DEN @ LAL,L,1440.0,1951.0,576.0,696.7857142857144,0,0,1
41900315,1610612747,Lakers,42019,LAL vs. DEN,W,1440.0,1972.0,464.5161290322577,493.0,1,1,1
41900401,1610612747,Lakers,42019,LAL vs. MIA,W,1200.0,1792.2,389.1891891891895,497.83333333333326,1,1,1
41900401,1610612748,Heat,42019,MIA @ LAL,L,1309.0909090909088,1451.6,480.0,403.2222222222224,0,0,1
41900402,1610612747,Lakers,42019,LAL vs. MIA,W,1440.0,1798.2400000000002,436.36363636363615,528.8941176470589,1,1,1
41900402,1610612748,Heat,42019,MIA @ LAL,L,1440.0,1766.2,449.99999999999994,490.6111111111112,0,0,1
41900403,1610612747,Lakers,42019,LAL @ MIA,L,1309.0909090909088,1590.66,389.1891891891895,467.84117647058815,0,0,1
41900403,1610612748,Heat,42019,MIA vs. LAL,W,1440.0,2007.0,480.0,590.2941176470588,1,1,1
41900404,1610612747,Lakers,42019,LAL @ MIA,W,1600.0,1685.14,496.5517241379311,561.7133333333333,0,1,1
41900404,1610612748,Heat,42019,MIA vs. LAL,L,1800.0,2177.88,450.0,494.972727272727,1,0,1
41900405,1610612747,Lakers,42019,LAL vs. MIA,L,1600.0000000000002,1851.1600000000003,480.00000000000006,578.4875000000001,1,0,1
41900405,1610612748,Heat,42019,MIA @ LAL,W,2057.1428571428573,2310.74,480.0,550.1761904761903,0,1,1
41900406,1610612747,Lakers,42019,LAL @ MIA,W,1309.0909090909088,2004.2,450.0,477.1904761904764,0,1,1
41900406,1610612748,Heat,42019,MIA vs. LAL,L,1309.0909090909095,2147.5199999999995,480.00000000000006,671.1000000000001,1,0,1
